stop_id,stop_name,service,borough,,
101,Van Cortlandt Park-242 St,1,Bronx,,
101N,Van Cortlandt Park-242 St,1,Bronx,,
101S,Van Cortlandt Park-242 St,1,Bronx,,
103,238 St,1,Bronx,,
103N,238 St,1,Bronx,,
103S,238 St,1,Bronx,,
104,231 St,1,Bronx,,
104N,231 St,1,Bronx,,
104S,231 St,1,Bronx,,
106,Marble Hill-225 St,1,Bronx,,
106N,Marble Hill-225 St,1,Bronx,,
106S,Marble Hill-225 St,1,Bronx,,
107,215 St,1,Manhattan,,
107N,215 St,1,Manhattan,,
107S,215 St,1,Manhattan,,
108,207 St,1,Manhattan,,
108N,207 St,1,Manhattan,,
108S,207 St,1,Manhattan,,
109,Dyckman St,1,Manhattan,,
109N,Dyckman St,1,Manhattan,,
109S,Dyckman St,1,Manhattan,,
110,191 St,1,Manhattan,,
110N,191 St,1,Manhattan,,
110S,191 St,1,Manhattan,,
111,181 St,1,Manhattan,,
111N,181 St,1,Manhattan,,
111S,181 St,1,Manhattan,,
112,168 St-Washington Hts,1,Manhattan,,
112N,168 St-Washington Hts,1,Manhattan,,
112S,168 St-Washington Hts,1,Manhattan,,
113,157 St,1,Manhattan,,
113N,157 St,1,Manhattan,,
113S,157 St,1,Manhattan,,
114,145 St,1,Manhattan,,
114N,145 St,1,Manhattan,,
114S,145 St,1,Manhattan,,
115,137 St-City College,1,Manhattan,,
115N,137 St-City College,1,Manhattan,,
115S,137 St-City College,1,Manhattan,,
116,125 St,1,Manhattan,,
116N,125 St,1,Manhattan,,
116S,125 St,1,Manhattan,,
117,116 St-Columbia University,1,Manhattan,,
117N,116 St-Columbia University,1,Manhattan,,
117S,116 St-Columbia University,1,Manhattan,,
118,Cathedral Pkwy (110 St),1,Manhattan,,
118N,Cathedral Pkwy (110 St),1,Manhattan,,
118S,Cathedral Pkwy (110 St),1,Manhattan,,
119,103 St,1,Manhattan,,
119N,103 St,1,Manhattan,,
119S,103 St,1,Manhattan,,
120,96 St,123,Manhattan,,
120N,96 St,123,Manhattan,,
120S,96 St,123,Manhattan,,
121,86 St,12,Manhattan,,
121N,86 St,12,Manhattan,,
121S,86 St,12,Manhattan,,
122,79 St,12,Manhattan,,
122N,79 St,12,Manhattan,,
122S,79 St,12,Manhattan,,
123,72 St,123,Manhattan,,
123N,72 St,123,Manhattan,,
123S,72 St,123,Manhattan,,
124,66 St-Lincoln Center,12,Manhattan,,
124N,66 St-Lincoln Center,12,Manhattan,,
124S,66 St-Lincoln Center,12,Manhattan,,
125,59 St-Columbus Circle,12,Manhattan,,
125N,59 St-Columbus Circle,12,Manhattan,,
125S,59 St-Columbus Circle,12,Manhattan,,
126,50 St,12,Manhattan,,
126N,50 St,12,Manhattan,,
126S,50 St,12,Manhattan,,
127,Times Sq-42 St,123,Manhattan,,
127N,Times Sq-42 St,123,Manhattan,,
127S,Times Sq-42 St,123,Manhattan,,
128,34 St-Penn Station,123,Manhattan,,
128N,34 St-Penn Station,123,Manhattan,,
128S,34 St-Penn Station,123,Manhattan,,
129,28 St,12,Manhattan,,
129N,28 St,12,Manhattan,,
129S,28 St,12,Manhattan,,
130,23 St,12,Manhattan,,
130N,23 St,12,Manhattan,,
130S,23 St,12,Manhattan,,
131,18 St,12,Manhattan,,
131N,18 St,12,Manhattan,,
131S,18 St,12,Manhattan,,
132,14 St,123,Manhattan,,
132N,14 St,123,Manhattan,,
132S,14 St,123,Manhattan,,
133,Christopher St-Sheridan Sq,12,Manhattan,,
133N,Christopher St-Sheridan Sq,12,Manhattan,,
133S,Christopher St-Sheridan Sq,12,Manhattan,,
134,Houston St,12,Manhattan,,
134N,Houston St,12,Manhattan,,
134S,Houston St,12,Manhattan,,
135,Canal St,12,Manhattan,,
135N,Canal St,12,Manhattan,,
135S,Canal St,12,Manhattan,,
136,Franklin St,12,Manhattan,,
136N,Franklin St,12,Manhattan,,
136S,Franklin St,12,Manhattan,,
137,Chambers St,123,Manhattan,,
137N,Chambers St,123,Manhattan,,
137S,Chambers St,123,Manhattan,,
138,WTC Cortlandt,1,Manhattan,,
138N,WTC Cortlandt,1,Manhattan,,
138S,WTC Cortlandt,1,Manhattan,,
139,Rector St,1,Manhattan,,
139N,Rector St,1,Manhattan,,
139S,Rector St,1,Manhattan,,
140,South Ferry Loop,1,Manhattan,,
140N,South Ferry Loop,1,Manhattan,,
140S,South Ferry Loop,1,Manhattan,,
142,South Ferry,1,Manhattan,,
142N,South Ferry,1,Manhattan,,
142S,South Ferry,1,Manhattan,,
201,Wakefield-241 St,2,Bronx,,
201N,Wakefield-241 St,2,Bronx,,
201S,Wakefield-241 St,2,Bronx,,
204,Nereid Av,25,Bronx,,
204N,Nereid Av,25,Bronx,,
204S,Nereid Av,25,Bronx,,
205,233 St,25,Bronx,,
205N,233 St,25,Bronx,,
205S,233 St,25,Bronx,,
206,225 St,25,Bronx,,
206N,225 St,25,Bronx,,
206S,225 St,25,Bronx,,
207,219 St,25,Bronx,,
207N,219 St,25,Bronx,,
207S,219 St,25,Bronx,,
208,Gun Hill Rd,25,Bronx,,
208N,Gun Hill Rd,25,Bronx,,
208S,Gun Hill Rd,25,Bronx,,
209,Burke Av,25,Bronx,,
209N,Burke Av,25,Bronx,,
209S,Burke Av,25,Bronx,,
210,Allerton Av,25,Bronx,,
210N,Allerton Av,25,Bronx,,
210S,Allerton Av,25,Bronx,,
211,Pelham Pkwy,25,Bronx,,
211N,Pelham Pkwy,25,Bronx,,
211S,Pelham Pkwy,25,Bronx,,
212,Bronx Park East,25,Bronx,,
212N,Bronx Park East,25,Bronx,,
212S,Bronx Park East,25,Bronx,,
213,E 180 St,25,Bronx,,
213N,E 180 St,25,Bronx,,
213S,E 180 St,25,Bronx,,
214,West Farms Sq-E Tremont Av,25,Bronx,,
214N,West Farms Sq-E Tremont Av,25,Bronx,,
214S,West Farms Sq-E Tremont Av,25,Bronx,,
215,174 St,25,Bronx,,
215N,174 St,25,Bronx,,
215S,174 St,25,Bronx,,
216,Freeman St,25,Bronx,,
216N,Freeman St,25,Bronx,,
216S,Freeman St,25,Bronx,,
217,Simpson St,25,Bronx,,
217N,Simpson St,25,Bronx,,
217S,Simpson St,25,Bronx,,
218,Intervale Av,25,Bronx,,
218N,Intervale Av,25,Bronx,,
218S,Intervale Av,25,Bronx,,
219,Prospect Av,25,Bronx,,
219N,Prospect Av,25,Bronx,,
219S,Prospect Av,25,Bronx,,
220,Jackson Av,25,Bronx,,
220N,Jackson Av,25,Bronx,,
220S,Jackson Av,25,Bronx,,
221,3 Av-149 St,25,Bronx,,
221N,3 Av-149 St,25,Bronx,,
221S,3 Av-149 St,25,Bronx,,
222,149 St-Grand Concourse,25,Bronx,,
222N,149 St-Grand Concourse,25,Bronx,,
222S,149 St-Grand Concourse,25,Bronx,,
224,135 St,23,Manhattan,,
224N,135 St,23,Manhattan,,
224S,135 St,23,Manhattan,,
225,125 St,23,Manhattan,,
225N,125 St,23,Manhattan,,
225S,125 St,23,Manhattan,,
226,116 St,23,Manhattan,,
226N,116 St,23,Manhattan,,
226S,116 St,23,Manhattan,,
227,Central Park North (110 St),23,Manhattan,,
227N,Central Park North (110 St),23,Manhattan,,
227S,Central Park North (110 St),23,Manhattan,,
228,Park Place,23,Manhattan,,
228N,Park Place,23,Manhattan,,
228S,Park Place,23,Manhattan,,
229,Fulton St,23,Manhattan,,
229N,Fulton St,23,Manhattan,,
229S,Fulton St,23,Manhattan,,
230,Wall St,23,Manhattan,,
230N,Wall St,23,Manhattan,,
230S,Wall St,23,Manhattan,,
231,Clark St,23,Brooklyn,,
231N,Clark St,23,Brooklyn,,
231S,Clark St,23,Brooklyn,,
232,Borough Hall,23,Brooklyn,,
232N,Borough Hall,23,Brooklyn,,
232S,Borough Hall,23,Brooklyn,,
233,Hoyt St,23,Brooklyn,,
233N,Hoyt St,23,Brooklyn,,
233S,Hoyt St,23,Brooklyn,,
234,Nevins St,2345,Brooklyn,,
234N,Nevins St,2345,Brooklyn,,
234S,Nevins St,2345,Brooklyn,,
235,Atlantic Av-Barclays Ctr,2345,Brooklyn,,
235N,Atlantic Av-Barclays Ctr,2345,Brooklyn,,
235S,Atlantic Av-Barclays Ctr,2345,Brooklyn,,
236,Bergen St,234,Brooklyn,,
236N,Bergen St,234,Brooklyn,,
236S,Bergen St,234,Brooklyn,,
237,Grand Army Plaza,234,Brooklyn,,
237N,Grand Army Plaza,234,Brooklyn,,
237S,Grand Army Plaza,234,Brooklyn,,
238,Eastern Pkwy-Brooklyn Museum,234,Brooklyn,,
238N,Eastern Pkwy-Brooklyn Museum,234,Brooklyn,,
238S,Eastern Pkwy-Brooklyn Museum,234,Brooklyn,,
239,Franklin Av-Medgar Evers College,2345,Brooklyn,,
239N,Franklin Av-Medgar Evers College,2345,Brooklyn,,
239S,Franklin Av-Medgar Evers College,2345,Brooklyn,,
241,President St-Medgar Evers College,25,Brooklyn,,
241N,President St-Medgar Evers College,25,Brooklyn,,
241S,President St-Medgar Evers College,25,Brooklyn,,
242,Sterling St,25,Brooklyn,,
242N,Sterling St,25,Brooklyn,,
242S,Sterling St,25,Brooklyn,,
243,Winthrop St,25,Brooklyn,,
243N,Winthrop St,25,Brooklyn,,
243S,Winthrop St,25,Brooklyn,,
244,Church Av,25,Brooklyn,,
244N,Church Av,25,Brooklyn,,
244S,Church Av,25,Brooklyn,,
245,Beverly Rd,25,Brooklyn,,
245N,Beverly Rd,25,Brooklyn,,
245S,Beverly Rd,25,Brooklyn,,
246,Newkirk Av-Little Haiti,25,Brooklyn,,
246N,Newkirk Av-Little Haiti,25,Brooklyn,,
246S,Newkirk Av-Little Haiti,25,Brooklyn,,
247,Flatbush Av-Brooklyn College,25,Brooklyn,,
247N,Flatbush Av-Brooklyn College,25,Brooklyn,,
247S,Flatbush Av-Brooklyn College,25,Brooklyn,,
248,Nostrand Av,2345,Brooklyn,,
248N,Nostrand Av,2345,Brooklyn,,
248S,Nostrand Av,2345,Brooklyn,,
249,Kingston Av,2345,Brooklyn,,
249N,Kingston Av,2345,Brooklyn,,
249S,Kingston Av,2345,Brooklyn,,
250,Crown Hts-Utica Av,2345,Brooklyn,,
250N,Crown Hts-Utica Av,2345,Brooklyn,,
250S,Crown Hts-Utica Av,2345,Brooklyn,,
251,Sutter Av-Rutland Rd,2345,Brooklyn,,
251N,Sutter Av-Rutland Rd,2345,Brooklyn,,
251S,Sutter Av-Rutland Rd,2345,Brooklyn,,
252,Saratoga Av,2345,Brooklyn,,
252N,Saratoga Av,2345,Brooklyn,,
252S,Saratoga Av,2345,Brooklyn,,
253,Rockaway Av,2345,Brooklyn,,
253N,Rockaway Av,2345,Brooklyn,,
253S,Rockaway Av,2345,Brooklyn,,
254,Junius St,2345,Brooklyn,,
254N,Junius St,2345,Brooklyn,,
254S,Junius St,2345,Brooklyn,,
255,Pennsylvania Av,2345,Brooklyn,,
255N,Pennsylvania Av,2345,Brooklyn,,
255S,Pennsylvania Av,2345,Brooklyn,,
256,Van Siclen Av,2345,Brooklyn,,
256N,Van Siclen Av,2345,Brooklyn,,
256S,Van Siclen Av,2345,Brooklyn,,
257,New Lots Av,2345,Brooklyn,,
257N,New Lots Av,2345,Brooklyn,,
257S,New Lots Av,2345,Brooklyn,,
301,Harlem-148 St,3,Manhattan,,
301N,Harlem-148 St,3,Manhattan,,
301S,Harlem-148 St,3,Manhattan,,
302,145 St,3,Manhattan,,
302N,145 St,3,Manhattan,,
302S,145 St,3,Manhattan,,
401,Woodlawn,4,Bronx,,
401N,Woodlawn,4,Bronx,,
401S,Woodlawn,4,Bronx,,
402,Mosholu Pkwy,4,Bronx,,
402N,Mosholu Pkwy,4,Bronx,,
402S,Mosholu Pkwy,4,Bronx,,
405,Bedford Park Blvd-Lehman College,4,Bronx,,
405N,Bedford Park Blvd-Lehman College,4,Bronx,,
405S,Bedford Park Blvd-Lehman College,4,Bronx,,
406,Kingsbridge Rd,4,Bronx,,
406N,Kingsbridge Rd,4,Bronx,,
406S,Kingsbridge Rd,4,Bronx,,
407,Fordham Rd,4,Bronx,,
407N,Fordham Rd,4,Bronx,,
407S,Fordham Rd,4,Bronx,,
408,183 St,4,Bronx,,
408N,183 St,4,Bronx,,
408S,183 St,4,Bronx,,
409,Burnside Av,4,Bronx,,
409N,Burnside Av,4,Bronx,,
409S,Burnside Av,4,Bronx,,
410,176 St,4,Bronx,,
410N,176 St,4,Bronx,,
410S,176 St,4,Bronx,,
411,Mt Eden Av,4,Bronx,,
411N,Mt Eden Av,4,Bronx,,
411S,Mt Eden Av,4,Bronx,,
412,170 St,4,Bronx,,
412N,170 St,4,Bronx,,
412S,170 St,4,Bronx,,
413,167 St,4,Bronx,,
413N,167 St,4,Bronx,,
413S,167 St,4,Bronx,,
414,161 St-Yankee Stadium,4,Bronx,,
414N,161 St-Yankee Stadium,4,Bronx,,
414S,161 St-Yankee Stadium,4,Bronx,,
415,149 St-Grand Concourse,4,Bronx,,
415N,149 St-Grand Concourse,4,Bronx,,
415S,149 St-Grand Concourse,4,Bronx,,
416,138 St-Grand Concourse,45,Bronx,,
416N,138 St-Grand Concourse,45,Bronx,,
416S,138 St-Grand Concourse,45,Bronx,,
418,Fulton St,45,Manhattan,,
418N,Fulton St,45,Manhattan,,
418S,Fulton St,45,Manhattan,,
419,Wall St,45,Manhattan,,
419N,Wall St,45,Manhattan,,
419S,Wall St,45,Manhattan,,
420,Bowling Green,45,Manhattan,,
420N,Bowling Green,45,Manhattan,,
420S,Bowling Green,45,Manhattan,,
423,Borough Hall,45,Brooklyn,,
423N,Borough Hall,45,Brooklyn,,
423S,Borough Hall,45,Brooklyn,,
501,Eastchester-Dyre Av,5,Bronx,,
501N,Eastchester-Dyre Av,5,Bronx,,
501S,Eastchester-Dyre Av,5,Bronx,,
502,Baychester Av,5,Bronx,,
502N,Baychester Av,5,Bronx,,
502S,Baychester Av,5,Bronx,,
503,Gun Hill Rd,5,Bronx,,
503N,Gun Hill Rd,5,Bronx,,
503S,Gun Hill Rd,5,Bronx,,
504,Pelham Pkwy,5,Bronx,,
504N,Pelham Pkwy,5,Bronx,,
504S,Pelham Pkwy,5,Bronx,,
505,Morris Park,5,Bronx,,
505N,Morris Park,5,Bronx,,
505S,Morris Park,5,Bronx,,
601,Pelham Bay Park,6,Bronx,,
601N,Pelham Bay Park,6,Bronx,,
601S,Pelham Bay Park,6,Bronx,,
602,Buhre Av,6,Bronx,,
602N,Buhre Av,6,Bronx,,
602S,Buhre Av,6,Bronx,,
603,Middletown Rd,6,Bronx,,
603N,Middletown Rd,6,Bronx,,
603S,Middletown Rd,6,Bronx,,
604,Westchester Sq-E Tremont Av,6,Bronx,,
604N,Westchester Sq-E Tremont Av,6,Bronx,,
604S,Westchester Sq-E Tremont Av,6,Bronx,,
606,Zerega Av,6,Bronx,,
606N,Zerega Av,6,Bronx,,
606S,Zerega Av,6,Bronx,,
607,Castle Hill Av,6,Bronx,,
607N,Castle Hill Av,6,Bronx,,
607S,Castle Hill Av,6,Bronx,,
608,Parkchester,6,Bronx,,
608N,Parkchester,6,Bronx,,
608S,Parkchester,6,Bronx,,
609,St Lawrence Av,6,Bronx,,
609N,St Lawrence Av,6,Bronx,,
609S,St Lawrence Av,6,Bronx,,
610,Morrison Av-Soundview,6,Bronx,,
610N,Morrison Av-Soundview,6,Bronx,,
610S,Morrison Av-Soundview,6,Bronx,,
611,Elder Av,6,Bronx,,
611N,Elder Av,6,Bronx,,
611S,Elder Av,6,Bronx,,
612,Whitlock Av,6,Bronx,,
612N,Whitlock Av,6,Bronx,,
612S,Whitlock Av,6,Bronx,,
613,Hunts Point Av,6,Bronx,,
613N,Hunts Point Av,6,Bronx,,
613S,Hunts Point Av,6,Bronx,,
614,Longwood Av,6,Bronx,,
614N,Longwood Av,6,Bronx,,
614S,Longwood Av,6,Bronx,,
615,E 149 St,6,Bronx,,
615N,E 149 St,6,Bronx,,
615S,E 149 St,6,Bronx,,
616,E 143 St-St Mary's St,6,Bronx,,
616N,E 143 St-St Mary's St,6,Bronx,,
616S,E 143 St-St Mary's St,6,Bronx,,
617,Cypress Av,6,Bronx,,
617N,Cypress Av,6,Bronx,,
617S,Cypress Av,6,Bronx,,
618,Brook Av,6,Bronx,,
618N,Brook Av,6,Bronx,,
618S,Brook Av,6,Bronx,,
619,3 Av-138 St,6,Bronx,,
619N,3 Av-138 St,6,Bronx,,
619S,3 Av-138 St,6,Bronx,,
621,125 St,456,Manhattan,,
621N,125 St,456,Manhattan,,
621S,125 St,456,Manhattan,,
622,116 St,46,Manhattan,,
622N,116 St,46,Manhattan,,
622S,116 St,46,Manhattan,,
623,110 St,46,Manhattan,,
623N,110 St,46,Manhattan,,
623S,110 St,46,Manhattan,,
624,103 St,46,Manhattan,,
624N,103 St,46,Manhattan,,
624S,103 St,46,Manhattan,,
625,96 St,46,Manhattan,,
625N,96 St,46,Manhattan,,
625S,96 St,46,Manhattan,,
626,86 St,456,Manhattan,,
626N,86 St,456,Manhattan,,
626S,86 St,456,Manhattan,,
627,77 St,46,Manhattan,,
627N,77 St,46,Manhattan,,
627S,77 St,46,Manhattan,,
628,68 St-Hunter College,46,Manhattan,,
628N,68 St-Hunter College,46,Manhattan,,
628S,68 St-Hunter College,46,Manhattan,,
629,59 St,456,Manhattan,,
629N,59 St,456,Manhattan,,
629S,59 St,456,Manhattan,,
630,51 St,46,Manhattan,,
630N,51 St,46,Manhattan,,
630S,51 St,46,Manhattan,,
631,Grand Central-42 St,456,Manhattan,,
631N,Grand Central-42 St,456,Manhattan,,
631S,Grand Central-42 St,456,Manhattan,,
632,33 St,46,Manhattan,,
632N,33 St,46,Manhattan,,
632S,33 St,46,Manhattan,,
633,28 St,46,Manhattan,,
633N,28 St,46,Manhattan,,
633S,28 St,46,Manhattan,,
634,23 St,46,Manhattan,,
634N,23 St,46,Manhattan,,
634S,23 St,46,Manhattan,,
635,14 St-Union Sq,456,Manhattan,,
635N,14 St-Union Sq,456,Manhattan,,
635S,14 St-Union Sq,456,Manhattan,,
636,Astor Pl,46,Manhattan,,
636N,Astor Pl,46,Manhattan,,
636S,Astor Pl,46,Manhattan,,
637,Bleecker St,46,Manhattan,,
637N,Bleecker St,46,Manhattan,,
637S,Bleecker St,46,Manhattan,,
638,Spring St,46,Manhattan,,
638N,Spring St,46,Manhattan,,
638S,Spring St,46,Manhattan,,
639,Canal St,46,Manhattan,,
639N,Canal St,46,Manhattan,,
639S,Canal St,46,Manhattan,,
640,Brooklyn Bridge-City Hall,46,Manhattan,,
640N,Brooklyn Bridge-City Hall,46,Manhattan,,
640S,Brooklyn Bridge-City Hall,46,Manhattan,,
701,Flushing-Main St,7,Queens,,
701N,Flushing-Main St,7,Queens,,
701S,Flushing-Main St,7,Queens,,
702,Mets-Willets Point,7,Queens,,
702N,Mets-Willets Point,7,Queens,,
702S,Mets-Willets Point,7,Queens,,
705,111 St,7,Queens,,
705N,111 St,7,Queens,,
705S,111 St,7,Queens,,
706,103 St-Corona Plaza,7,Queens,,
706N,103 St-Corona Plaza,7,Queens,,
706S,103 St-Corona Plaza,7,Queens,,
707,Junction Blvd,7,Queens,,
707N,Junction Blvd,7,Queens,,
707S,Junction Blvd,7,Queens,,
708,90 St-Elmhurst Av,7,Queens,,
708N,90 St-Elmhurst Av,7,Queens,,
708S,90 St-Elmhurst Av,7,Queens,,
709,82 St-Jackson Hts,7,Queens,,
709N,82 St-Jackson Hts,7,Queens,,
709S,82 St-Jackson Hts,7,Queens,,
710,74 St-Broadway,7,Queens,,
710N,74 St-Broadway,7,Queens,,
710S,74 St-Broadway,7,Queens,,
711,69 St,7,Queens,,
711N,69 St,7,Queens,,
711S,69 St,7,Queens,,
712,61 St-Woodside,7,Queens,,
712N,61 St-Woodside,7,Queens,,
712S,61 St-Woodside,7,Queens,,
713,52 St,7,Queens,,
713N,52 St,7,Queens,,
713S,52 St,7,Queens,,
714,46 St-Bliss St,7,Queens,,
714N,46 St-Bliss St,7,Queens,,
714S,46 St-Bliss St,7,Queens,,
715,40 St-Lowery St,7,Queens,,
715N,40 St-Lowery St,7,Queens,,
715S,40 St-Lowery St,7,Queens,,
716,33 St-Rawson St,7,Queens,,
716N,33 St-Rawson St,7,Queens,,
716S,33 St-Rawson St,7,Queens,,
718,Queensboro Plaza,7,Queens,,
718N,Queensboro Plaza,7,Queens,,
718S,Queensboro Plaza,7,Queens,,
719,Court Sq,7,Queens,,
719N,Court Sq,7,Queens,,
719S,Court Sq,7,Queens,,
720,Hunters Point Av,7,Queens,,
720N,Hunters Point Av,7,Queens,,
720S,Hunters Point Av,7,Queens,,
721,Vernon Blvd-Jackson Av,7,Queens,,
721N,Vernon Blvd-Jackson Av,7,Queens,,
721S,Vernon Blvd-Jackson Av,7,Queens,,
723,Grand Central-42 St,7,Manhattan,,
723N,Grand Central-42 St,7,Manhattan,,
723S,Grand Central-42 St,7,Manhattan,,
724,5 Av,7,Manhattan,,
724N,5 Av,7,Manhattan,,
724S,5 Av,7,Manhattan,,
725,Times Sq-42 St,7,Manhattan,,
725N,Times Sq-42 St,7,Manhattan,,
725S,Times Sq-42 St,7,Manhattan,,
726,34 St-Hudson Yards,7,Manhattan,,
726N,34 St-Hudson Yards,7,Manhattan,,
726S,34 St-Hudson Yards,7,Manhattan,,
901,Grand Central-42 St,S,Manhattan,,
901N,Grand Central-42 St,S,Manhattan,,
901S,Grand Central-42 St,S,Manhattan,,
902,Times Sq-42 St,S,Manhattan,,
902N,Times Sq-42 St,S,Manhattan,,
902S,Times Sq-42 St,S,Manhattan,,
A02,Inwood-207 St,A,Manhattan,,
A02N,Inwood-207 St,A,Manhattan,,
A02S,Inwood-207 St,A,Manhattan,,
A03,Dyckman St,A,Manhattan,,
A03N,Dyckman St,A,Manhattan,,
A03S,Dyckman St,A,Manhattan,,
A05,190 St,A,Manhattan,,
A05N,190 St,A,Manhattan,,
A05S,190 St,A,Manhattan,,
A06,181 St,A,Manhattan,,
A06N,181 St,A,Manhattan,,
A06S,181 St,A,Manhattan,,
A07,175 St,A,Manhattan,,
A07N,175 St,A,Manhattan,,
A07S,175 St,A,Manhattan,,
A09,168 St,AC,Manhattan,,
A09N,168 St,AC,Manhattan,,
A09S,168 St,AC,Manhattan,,
A10,163 St-Amsterdam Av,AC,Manhattan,,
A10N,163 St-Amsterdam Av,AC,Manhattan,,
A10S,163 St-Amsterdam Av,AC,Manhattan,,
A11,155 St,AC,Manhattan,,
A11N,155 St,AC,Manhattan,,
A11S,155 St,AC,Manhattan,,
A12,145 St,AC,Manhattan,,
A12N,145 St,AC,Manhattan,,
A12S,145 St,AC,Manhattan,,
A14,135 St,ABC,Manhattan,,
A14N,135 St,ABC,Manhattan,,
A14S,135 St,ABC,Manhattan,,
A15,125 St,ABCD,Manhattan,,
A15N,125 St,ABCD,Manhattan,,
A15S,125 St,ABCD,Manhattan,,
A16,116 St,ABC,Manhattan,,
A16N,116 St,ABC,Manhattan,,
A16S,116 St,ABC,Manhattan,,
A17,Cathedral Pkwy (110 St),ABC,Manhattan,,
A17N,Cathedral Pkwy (110 St),ABC,Manhattan,,
A17S,Cathedral Pkwy (110 St),ABC,Manhattan,,
A18,103 St,ABC,Manhattan,,
A18N,103 St,ABC,Manhattan,,
A18S,103 St,ABC,Manhattan,,
A19,96 St,ABC,Manhattan,,
A19N,96 St,ABC,Manhattan,,
A19S,96 St,ABC,Manhattan,,
A20,86 St,ABC,Manhattan,,
A20N,86 St,ABC,Manhattan,,
A20S,86 St,ABC,Manhattan,,
A21,81 St-Museum of Natural History,ABC,Manhattan,,
A21N,81 St-Museum of Natural History,ABC,Manhattan,,
A21S,81 St-Museum of Natural History,ABC,Manhattan,,
A22,72 St,ABC,Manhattan,,
A22N,72 St,ABC,Manhattan,,
A22S,72 St,ABC,Manhattan,,
A24,59 St-Columbus Circle,ABCD,Manhattan,,
A24N,59 St-Columbus Circle,ABCD,Manhattan,,
A24S,59 St-Columbus Circle,ABCD,Manhattan,,
A25,50 St,AC,Manhattan,,
A25N,50 St,AC,Manhattan,,
A25S,50 St,AC,Manhattan,,
A27,42 St-Port Authority Bus Terminal,ACE,Manhattan,,
A27N,42 St-Port Authority Bus Terminal,ACE,Manhattan,,
A27S,42 St-Port Authority Bus Terminal,ACE,Manhattan,,
A28,34 St-Penn Station,ACE,Manhattan,,
A28N,34 St-Penn Station,ACE,Manhattan,,
A28S,34 St-Penn Station,ACE,Manhattan,,
A30,23 St,ACE,Manhattan,,
A30N,23 St,ACE,Manhattan,,
A30S,23 St,ACE,Manhattan,,
A31,14 St,ACE,Manhattan,,
A31N,14 St,ACE,Manhattan,,
A31S,14 St,ACE,Manhattan,,
A32,W 4 St-Wash Sq,ACE,Manhattan,,
A32N,W 4 St-Wash Sq,ACE,Manhattan,,
A32S,W 4 St-Wash Sq,ACE,Manhattan,,
A33,Spring St,ACE,Manhattan,,
A33N,Spring St,ACE,Manhattan,,
A33S,Spring St,ACE,Manhattan,,
A34,Canal St,ACE,Manhattan,,
A34N,Canal St,ACE,Manhattan,,
A34S,Canal St,ACE,Manhattan,,
A36,Chambers St,AC,Manhattan,,
A36N,Chambers St,AC,Manhattan,,
A36S,Chambers St,AC,Manhattan,,
A38,Fulton St,AC,Manhattan,,
A38N,Fulton St,AC,Manhattan,,
A38S,Fulton St,AC,Manhattan,,
A40,High St,AC,Brooklyn,,
A40N,High St,AC,Brooklyn,,
A40S,High St,AC,Brooklyn,,
A41,Jay St-MetroTech,ACF,Brooklyn,,
A41N,Jay St-MetroTech,ACF,Brooklyn,,
A41S,Jay St-MetroTech,ACF,Brooklyn,,
A42,Hoyt-Schermerhorn Sts,ACG,Brooklyn,,
A42N,Hoyt-Schermerhorn Sts,ACG,Brooklyn,,
A42S,Hoyt-Schermerhorn Sts,ACG,Brooklyn,,
A43,Lafayette Av,AC,Brooklyn,,
A43N,Lafayette Av,AC,Brooklyn,,
A43S,Lafayette Av,AC,Brooklyn,,
A44,Clinton-Washington Avs,AC,Brooklyn,,
A44N,Clinton-Washington Avs,AC,Brooklyn,,
A44S,Clinton-Washington Avs,AC,Brooklyn,,
A45,Franklin Av,AC,Brooklyn,,
A45N,Franklin Av,AC,Brooklyn,,
A45S,Franklin Av,AC,Brooklyn,,
A46,Nostrand Av,AC,Brooklyn,,
A46N,Nostrand Av,AC,Brooklyn,,
A46S,Nostrand Av,AC,Brooklyn,,
A47,Kingston-Throop Avs,AC,Brooklyn,,
A47N,Kingston-Throop Avs,AC,Brooklyn,,
A47S,Kingston-Throop Avs,AC,Brooklyn,,
A48,Utica Av,AC,Brooklyn,,
A48N,Utica Av,AC,Brooklyn,,
A48S,Utica Av,AC,Brooklyn,,
A49,Ralph Av,AC,Brooklyn,,
A49N,Ralph Av,AC,Brooklyn,,
A49S,Ralph Av,AC,Brooklyn,,
A50,Rockaway Av,AC,Brooklyn,,
A50N,Rockaway Av,AC,Brooklyn,,
A50S,Rockaway Av,AC,Brooklyn,,
A51,Broadway Junction,AC,Brooklyn,,
A51N,Broadway Junction,AC,Brooklyn,,
A51S,Broadway Junction,AC,Brooklyn,,
A52,Liberty Av,AC,Brooklyn,,
A52N,Liberty Av,AC,Brooklyn,,
A52S,Liberty Av,AC,Brooklyn,,
A53,Van Siclen Av,AC,Brooklyn,,
A53N,Van Siclen Av,AC,Brooklyn,,
A53S,Van Siclen Av,AC,Brooklyn,,
A54,Shepherd Av,AC,Brooklyn,,
A54N,Shepherd Av,AC,Brooklyn,,
A54S,Shepherd Av,AC,Brooklyn,,
A55,Euclid Av,AC,Brooklyn,,
A55N,Euclid Av,AC,Brooklyn,,
A55S,Euclid Av,AC,Brooklyn,,
A57,Grant Av,A,Brooklyn,,
A57N,Grant Av,A,Brooklyn,,
A57S,Grant Av,A,Brooklyn,,
A59,80 St,A,Queens,,
A59N,80 St,A,Queens,,
A59S,80 St,A,Queens,,
A60,88 St,A,Queens,,
A60N,88 St,A,Queens,,
A60S,88 St,A,Queens,,
A61,Rockaway Blvd,A,Queens,,
A61N,Rockaway Blvd,A,Queens,,
A61S,Rockaway Blvd,A,Queens,,
A63,104 St,A,Queens,,
A63N,104 St,A,Queens,,
A63S,104 St,A,Queens,,
A64,111 St,A,Queens,,
A64N,111 St,A,Queens,,
A64S,111 St,A,Queens,,
A65,Ozone Park-Lefferts Blvd,A,Queens,,
A65N,Ozone Park-Lefferts Blvd,A,Queens,,
A65S,Ozone Park-Lefferts Blvd,A,Queens,,
B04,21 St-Queensbridge,F,Queens,,
B04N,21 St-Queensbridge,F,Queens,,
B04S,21 St-Queensbridge,F,Queens,,
B06,Roosevelt Island,F,Manhattan,,
B06N,Roosevelt Island,F,Manhattan,,
B06S,Roosevelt Island,F,Manhattan,,
B08,Lexington Av/63 St,F,Manhattan,,
B08N,Lexington Av/63 St,F,Manhattan,,
B08S,Lexington Av/63 St,F,Manhattan,,
B10,57 St,F,Manhattan,,
B10N,57 St,F,Manhattan,,
B10S,57 St,F,Manhattan,,
B12,9 Av,D,Brooklyn,,
B12N,9 Av,D,Brooklyn,,
B12S,9 Av,D,Brooklyn,,
B13,Fort Hamilton Pkwy,D,Brooklyn,,
B13N,Fort Hamilton Pkwy,D,Brooklyn,,
B13S,Fort Hamilton Pkwy,D,Brooklyn,,
B14,50 St,D,Brooklyn,,
B14N,50 St,D,Brooklyn,,
B14S,50 St,D,Brooklyn,,
B15,55 St,D,Brooklyn,,
B15N,55 St,D,Brooklyn,,
B15S,55 St,D,Brooklyn,,
B16,62 St,D,Brooklyn,,
B16N,62 St,D,Brooklyn,,
B16S,62 St,D,Brooklyn,,
B17,71 St,D,Brooklyn,,
B17N,71 St,D,Brooklyn,,
B17S,71 St,D,Brooklyn,,
B18,79 St,D,Brooklyn,,
B18N,79 St,D,Brooklyn,,
B18S,79 St,D,Brooklyn,,
B19,18 Av,D,Brooklyn,,
B19N,18 Av,D,Brooklyn,,
B19S,18 Av,D,Brooklyn,,
B20,20 Av,D,Brooklyn,,
B20N,20 Av,D,Brooklyn,,
B20S,20 Av,D,Brooklyn,,
B21,Bay Pkwy,D,Brooklyn,,
B21N,Bay Pkwy,D,Brooklyn,,
B21S,Bay Pkwy,D,Brooklyn,,
B22,25 Av,D,Brooklyn,,
B22N,25 Av,D,Brooklyn,,
B22S,25 Av,D,Brooklyn,,
B23,Bay 50 St,D,Brooklyn,,
B23N,Bay 50 St,D,Brooklyn,,
B23S,Bay 50 St,D,Brooklyn,,
D01,Norwood-205 St,D,Bronx,,
D01N,Norwood-205 St,D,Bronx,,
D01S,Norwood-205 St,D,Bronx,,
D03,Bedford Park Blvd,BD,Bronx,,
D03N,Bedford Park Blvd,BD,Bronx,,
D03S,Bedford Park Blvd,BD,Bronx,,
D04,Kingsbridge Rd,BD,Bronx,,
D04N,Kingsbridge Rd,BD,Bronx,,
D04S,Kingsbridge Rd,BD,Bronx,,
D05,Fordham Rd,BD,Bronx,,
D05N,Fordham Rd,BD,Bronx,,
D05S,Fordham Rd,BD,Bronx,,
D06,182-183 Sts,BD,Bronx,,
D06N,182-183 Sts,BD,Bronx,,
D06S,182-183 Sts,BD,Bronx,,
D07,Tremont Av,BD,Bronx,,
D07N,Tremont Av,BD,Bronx,,
D07S,Tremont Av,BD,Bronx,,
D08,174-175 Sts,BD,Bronx,,
D08N,174-175 Sts,BD,Bronx,,
D08S,174-175 Sts,BD,Bronx,,
D09,170 St,BD,Bronx,,
D09N,170 St,BD,Bronx,,
D09S,170 St,BD,Bronx,,
D10,167 St,BD,Bronx,,
D10N,167 St,BD,Bronx,,
D10S,167 St,BD,Bronx,,
D11,161 St-Yankee Stadium,BD,Bronx,,
D11N,161 St-Yankee Stadium,BD,Bronx,,
D11S,161 St-Yankee Stadium,BD,Bronx,,
D12,155 St,BD,Manhattan,,
D12N,155 St,BD,Manhattan,,
D12S,155 St,BD,Manhattan,,
D13,145 St,BD,Manhattan,,
D13N,145 St,BD,Manhattan,,
D13S,145 St,BD,Manhattan,,
D14,7 Av (M),BDE,Manhattan,,
D14N,7 Av (M),BDE,Manhattan,,
D14S,7 Av (M),BDE,Manhattan,,
D15,47-50 Sts-Rockefeller Ctr,BDFM,Manhattan,,
D15N,47-50 Sts-Rockefeller Ctr,BDFM,Manhattan,,
D15S,47-50 Sts-Rockefeller Ctr,BDFM,Manhattan,,
D16,42 St-Bryant Pk,BDFM,Manhattan,,
D16N,42 St-Bryant Pk,BDFM,Manhattan,,
D16S,42 St-Bryant Pk,BDFM,Manhattan,,
D17,34 St-Herald Sq,BDFM,Manhattan,,
D17N,34 St-Herald Sq,BDFM,Manhattan,,
D17S,34 St-Herald Sq,BDFM,Manhattan,,
D18,23 St,FM,Manhattan,,
D18N,23 St,FM,Manhattan,,
D18S,23 St,FM,Manhattan,,
D19,14 St,FM,Manhattan,,
D19N,14 St,FM,Manhattan,,
D19S,14 St,FM,Manhattan,,
D20,W 4 St-Wash Sq,BDFM,Manhattan,,
D20N,W 4 St-Wash Sq,BDFM,Manhattan,,
D20S,W 4 St-Wash Sq,BDFM,Manhattan,,
D21,Broadway-Lafayette St,BDFM,Manhattan,,
D21N,Broadway-Lafayette St,BDFM,Manhattan,,
D21S,Broadway-Lafayette St,BDFM,Manhattan,,
D22,Grand St,BD,Manhattan,,
D22N,Grand St,BD,Manhattan,,
D22S,Grand St,BD,Manhattan,,
D24,Atlantic Av-Barclays Ctr,BQ,Brooklyn,,
D24N,Atlantic Av-Barclays Ctr,BQ,Brooklyn,,
D24S,Atlantic Av-Barclays Ctr,BQ,Brooklyn,,
D25,7 Av (B),BQ,Brooklyn,,
D25N,7 Av (B),BQ,Brooklyn,,
D25S,7 Av (B),BQ,Brooklyn,,
D26,Prospect Park,BQ,Brooklyn,,
D26N,Prospect Park,BQ,Brooklyn,,
D26S,Prospect Park,BQ,Brooklyn,,
D27,Parkside Av,Q,Brooklyn,,
D27N,Parkside Av,Q,Brooklyn,,
D27S,Parkside Av,Q,Brooklyn,,
D28,Church Av,BQ,Brooklyn,,
D28N,Church Av,BQ,Brooklyn,,
D28S,Church Av,BQ,Brooklyn,,
D29,Beverley Rd,Q,Brooklyn,,
D29N,Beverley Rd,Q,Brooklyn,,
D29S,Beverley Rd,Q,Brooklyn,,
D30,Cortelyou Rd,Q,Brooklyn,,
D30N,Cortelyou Rd,Q,Brooklyn,,
D30S,Cortelyou Rd,Q,Brooklyn,,
D31,Newkirk Plaza,BQ,Brooklyn,,
D31N,Newkirk Plaza,BQ,Brooklyn,,
D31S,Newkirk Plaza,BQ,Brooklyn,,
D32,Avenue H,Q,Brooklyn,,
D32N,Avenue H,Q,Brooklyn,,
D32S,Avenue H,Q,Brooklyn,,
D33,Avenue J,Q,Brooklyn,,
D33N,Avenue J,Q,Brooklyn,,
D33S,Avenue J,Q,Brooklyn,,
D34,Avenue M,Q,Brooklyn,,
D34N,Avenue M,Q,Brooklyn,,
D34S,Avenue M,Q,Brooklyn,,
D35,Kings Hwy,BQ,Brooklyn,,
D35N,Kings Hwy,BQ,Brooklyn,,
D35S,Kings Hwy,BQ,Brooklyn,,
D37,Avenue U,Q,Brooklyn,,
D37N,Avenue U,Q,Brooklyn,,
D37S,Avenue U,Q,Brooklyn,,
D38,Neck Rd,Q,Brooklyn,,
D38N,Neck Rd,Q,Brooklyn,,
D38S,Neck Rd,Q,Brooklyn,,
D39,Sheepshead Bay,BQ,Brooklyn,,
D39N,Sheepshead Bay,BQ,Brooklyn,,
D39S,Sheepshead Bay,BQ,Brooklyn,,
D40,Brighton Beach,BQ,Brooklyn,,
D40N,Brighton Beach,BQ,Brooklyn,,
D40S,Brighton Beach,BQ,Brooklyn,,
D41,Ocean Pkwy,Q,Brooklyn,,
D41N,Ocean Pkwy,Q,Brooklyn,,
D41S,Ocean Pkwy,Q,Brooklyn,,
D42,W 8 St-NY Aquarium,FQ,Brooklyn,,
D42N,W 8 St-NY Aquarium,FQ,Brooklyn,,
D42S,W 8 St-NY Aquarium,FQ,Brooklyn,,
D43,Coney Island-Stillwell Av,DFNQ,Brooklyn,,
D43N,Coney Island-Stillwell Av,DFNQ,Brooklyn,,
D43S,Coney Island-Stillwell Av,DFNQ,Brooklyn,,
E01,World Trade Center,E,Manhattan,,
E01N,World Trade Center,E,Manhattan,,
E01S,World Trade Center,E,Manhattan,,
F01,Jamaica-179 St,EF,Queens,,
F01N,Jamaica-179 St,EF,Queens,,
F01S,Jamaica-179 St,EF,Queens,,
F02,169 St,EF,Queens,,
F02N,169 St,EF,Queens,,
F02S,169 St,EF,Queens,,
F03,Parsons Blvd,EF,Queens,,
F03N,Parsons Blvd,EF,Queens,,
F03S,Parsons Blvd,EF,Queens,,
F04,Sutphin Blvd,EF,Queens,,
F04N,Sutphin Blvd,EF,Queens,,
F04S,Sutphin Blvd,EF,Queens,,
F05,Briarwood,EF,Queens,,
F05N,Briarwood,EF,Queens,,
F05S,Briarwood,EF,Queens,,
F06,Kew Gardens-Union Tpke,EF,Queens,,
F06N,Kew Gardens-Union Tpke,EF,Queens,,
F06S,Kew Gardens-Union Tpke,EF,Queens,,
F07,75 Av,EF,Queens,,
F07N,75 Av,EF,Queens,,
F07S,75 Av,EF,Queens,,
F09,Court Sq-23 St,EM,Queens,,
F09N,Court Sq-23 St,EM,Queens,,
F09S,Court Sq-23 St,EM,Queens,,
F11,Lexington Av/53 St,EM,Manhattan,,
F11N,Lexington Av/53 St,EM,Manhattan,,
F11S,Lexington Av/53 St,EM,Manhattan,,
F12,5 Av/53 St,EM,Manhattan,,
F12N,5 Av/53 St,EM,Manhattan,,
F12S,5 Av/53 St,EM,Manhattan,,
F14,2 Av,F,Manhattan,,
F14N,2 Av,F,Manhattan,,
F14S,2 Av,F,Manhattan,,
F15,Delancey St-Essex St,F,Manhattan,,
F15N,Delancey St-Essex St,F,Manhattan,,
F15S,Delancey St-Essex St,F,Manhattan,,
F16,East Broadway,F,Manhattan,,
F16N,East Broadway,F,Manhattan,,
F16S,East Broadway,F,Manhattan,,
F18,York St,F,Brooklyn,,
F18N,York St,F,Brooklyn,,
F18S,York St,F,Brooklyn,,
F20,Bergen St,FG,Brooklyn,,
F20N,Bergen St,FG,Brooklyn,,
F20S,Bergen St,FG,Brooklyn,,
F21,Carroll St,FG,Brooklyn,,
F21N,Carroll St,FG,Brooklyn,,
F21S,Carroll St,FG,Brooklyn,,
F22,Smith-9 Sts,FG,Brooklyn,,
F22N,Smith-9 Sts,FG,Brooklyn,,
F22S,Smith-9 Sts,FG,Brooklyn,,
F23,4 Av-9 St,FG,Brooklyn,,
F23N,4 Av-9 St,FG,Brooklyn,,
F23S,4 Av-9 St,FG,Brooklyn,,
F24,7 Av,FG,Brooklyn,,
F24N,7 Av,FG,Brooklyn,,
F24S,7 Av,FG,Brooklyn,,
F25,15 St-Prospect Park,FG,Brooklyn,,
F25N,15 St-Prospect Park,FG,Brooklyn,,
F25S,15 St-Prospect Park,FG,Brooklyn,,
F26,Fort Hamilton Pkwy,FG,Brooklyn,,
F26N,Fort Hamilton Pkwy,FG,Brooklyn,,
F26S,Fort Hamilton Pkwy,FG,Brooklyn,,
F27,Church Av,FG,Brooklyn,,
F27N,Church Av,FG,Brooklyn,,
F27S,Church Av,FG,Brooklyn,,
F29,Ditmas Av,F,Brooklyn,,
F29N,Ditmas Av,F,Brooklyn,,
F29S,Ditmas Av,F,Brooklyn,,
F30,18 Av,F,Brooklyn,,
F30N,18 Av,F,Brooklyn,,
F30S,18 Av,F,Brooklyn,,
F31,Avenue I,F,Brooklyn,,
F31N,Avenue I,F,Brooklyn,,
F31S,Avenue I,F,Brooklyn,,
F32,Bay Pkwy,F,Brooklyn,,
F32N,Bay Pkwy,F,Brooklyn,,
F32S,Bay Pkwy,F,Brooklyn,,
F33,Avenue N,F,Brooklyn,,
F33N,Avenue N,F,Brooklyn,,
F33S,Avenue N,F,Brooklyn,,
F34,Avenue P,F,Brooklyn,,
F34N,Avenue P,F,Brooklyn,,
F34S,Avenue P,F,Brooklyn,,
F35,Kings Hwy,F,Brooklyn,,
F35N,Kings Hwy,F,Brooklyn,,
F35S,Kings Hwy,F,Brooklyn,,
F36,Avenue U,F,Brooklyn,,
F36N,Avenue U,F,Brooklyn,,
F36S,Avenue U,F,Brooklyn,,
F38,Avenue X,F,Brooklyn,,
F38N,Avenue X,F,Brooklyn,,
F38S,Avenue X,F,Brooklyn,,
F39,Neptune Av,F,Brooklyn,,
F39N,Neptune Av,F,Brooklyn,,
F39S,Neptune Av,F,Brooklyn,,
G05,Jamaica Center-Parsons/Archer,EJZ,Queens,,
G05N,Jamaica Center-Parsons/Archer,EJZ,Queens,,
G05S,Jamaica Center-Parsons/Archer,EJZ,Queens,,
G06,Sutphin Blvd-Archer Av-JFK Airport,EJZ,Queens,,
G06N,Sutphin Blvd-Archer Av-JFK Airport,EJZ,Queens,,
G06S,Sutphin Blvd-Archer Av-JFK Airport,EJZ,Queens,,
G07,Jamaica-Van Wyck,E,Queens,,
G07N,Jamaica-Van Wyck,E,Queens,,
G07S,Jamaica-Van Wyck,E,Queens,,
G08,Forest Hills-71 Av,EFMR,Queens,,
G08N,Forest Hills-71 Av,EFMR,Queens,,
G08S,Forest Hills-71 Av,EFMR,Queens,,
G09,67 Av,EMR,Queens,,
G09N,67 Av,EMR,Queens,,
G09S,67 Av,EMR,Queens,,
G10,63 Dr-Rego Park,EMR,Queens,,
G10N,63 Dr-Rego Park,EMR,Queens,,
G10S,63 Dr-Rego Park,EMR,Queens,,
G11,Woodhaven Blvd,EMR,Queens,,
G11N,Woodhaven Blvd,EMR,Queens,,
G11S,Woodhaven Blvd,EMR,Queens,,
G12,Grand Av-Newtown,EMR,Queens,,
G12N,Grand Av-Newtown,EMR,Queens,,
G12S,Grand Av-Newtown,EMR,Queens,,
G13,Elmhurst Av,EMR,Queens,,
G13N,Elmhurst Av,EMR,Queens,,
G13S,Elmhurst Av,EMR,Queens,,
G14,Jackson Hts-Roosevelt Av,EFMR,Queens,,
G14N,Jackson Hts-Roosevelt Av,EFMR,Queens,,
G14S,Jackson Hts-Roosevelt Av,EFMR,Queens,,
G15,65 St,EMR,Queens,,
G15N,65 St,EMR,Queens,,
G15S,65 St,EMR,Queens,,
G16,Northern Blvd,EMR,Queens,,
G16N,Northern Blvd,EMR,Queens,,
G16S,Northern Blvd,EMR,Queens,,
G18,46 St,EMR,Queens,,
G18N,46 St,EMR,Queens,,
G18S,46 St,EMR,Queens,,
G19,Steinway St,EMR,Queens,,
G19N,Steinway St,EMR,Queens,,
G19S,Steinway St,EMR,Queens,,
G20,36 St,EMR,Queens,,
G20N,36 St,EMR,Queens,,
G20S,36 St,EMR,Queens,,
G21,Queens Plaza,EMR,Queens,,
G21N,Queens Plaza,EMR,Queens,,
G21S,Queens Plaza,EMR,Queens,,
G22,Court Sq,G,Queens,,
G22N,Court Sq,G,Queens,,
G22S,Court Sq,G,Queens,,
G24,21 St,G,Queens,,
G24N,21 St,G,Queens,,
G24S,21 St,G,Queens,,
G26,Greenpoint Av,G,Brooklyn,,
G26N,Greenpoint Av,G,Brooklyn,,
G26S,Greenpoint Av,G,Brooklyn,,
G28,Nassau Av,G,Brooklyn,,
G28N,Nassau Av,G,Brooklyn,,
G28S,Nassau Av,G,Brooklyn,,
G29,Metropolitan Av,G,Brooklyn,,
G29N,Metropolitan Av,G,Brooklyn,,
G29S,Metropolitan Av,G,Brooklyn,,
G30,Broadway,G,Brooklyn,,
G30N,Broadway,G,Brooklyn,,
G30S,Broadway,G,Brooklyn,,
G31,Flushing Av,G,Brooklyn,,
G31N,Flushing Av,G,Brooklyn,,
G31S,Flushing Av,G,Brooklyn,,
G32,Myrtle-Willoughby Avs,G,Brooklyn,,
G32N,Myrtle-Willoughby Avs,G,Brooklyn,,
G32S,Myrtle-Willoughby Avs,G,Brooklyn,,
G33,Bedford-Nostrand Avs,G,Brooklyn,,
G33N,Bedford-Nostrand Avs,G,Brooklyn,,
G33S,Bedford-Nostrand Avs,G,Brooklyn,,
G34,Classon Av,G,Brooklyn,,
G34N,Classon Av,G,Brooklyn,,
G34S,Classon Av,G,Brooklyn,,
G35,Clinton-Washington Avs,G,Brooklyn,,
G35N,Clinton-Washington Avs,G,Brooklyn,,
G35S,Clinton-Washington Avs,G,Brooklyn,,
G36,Fulton St,G,Brooklyn,,
G36N,Fulton St,G,Brooklyn,,
G36S,Fulton St,G,Brooklyn,,
H01,Aqueduct Racetrack,A,Queens,,
H01N,Aqueduct Racetrack,A,Queens,,
H01S,Aqueduct Racetrack,A,Queens,,
H02,Aqueduct-N Conduit Av,A,Queens,,
H02N,Aqueduct-N Conduit Av,A,Queens,,
H02S,Aqueduct-N Conduit Av,A,Queens,,
H03,Howard Beach-JFK Airport,A,Queens,,
H03N,Howard Beach-JFK Airport,A,Queens,,
H03S,Howard Beach-JFK Airport,A,Queens,,
H04,Broad Channel,AS,Queens,,
H04N,Broad Channel,AS,Queens,,
H04S,Broad Channel,AS,Queens,,
H06,Beach 67 St,A,Queens,,
H06N,Beach 67 St,A,Queens,,
H06S,Beach 67 St,A,Queens,,
H07,Beach 60 St,A,Queens,,
H07N,Beach 60 St,A,Queens,,
H07S,Beach 60 St,A,Queens,,
H08,Beach 44 St,A,Queens,,
H08N,Beach 44 St,A,Queens,,
H08S,Beach 44 St,A,Queens,,
H09,Beach 36 St,A,Queens,,
H09N,Beach 36 St,A,Queens,,
H09S,Beach 36 St,A,Queens,,
H10,Beach 25 St,A,Queens,,
H10N,Beach 25 St,A,Queens,,
H10S,Beach 25 St,A,Queens,,
H11,Far Rockaway-Mott Av,A,Queens,,
H11N,Far Rockaway-Mott Av,A,Queens,,
H11S,Far Rockaway-Mott Av,A,Queens,,
H12,Beach 90 St,AS,Queens,,
H12N,Beach 90 St,AS,Queens,,
H12S,Beach 90 St,AS,Queens,,
H13,Beach 98 St,AS,Queens,,
H13N,Beach 98 St,AS,Queens,,
H13S,Beach 98 St,AS,Queens,,
H14,Beach 105 St,AS,Queens,,
H14N,Beach 105 St,AS,Queens,,
H14S,Beach 105 St,AS,Queens,,
H15,Rockaway Park-Beach 116 St,AS,Queens,,
H15N,Rockaway Park-Beach 116 St,AS,Queens,,
H15S,Rockaway Park-Beach 116 St,AS,Queens,,
H19,Broad Channel,AS,Queens,,
H19N,Broad Channel,AS,Queens,,
H19S,Broad Channel,AS,Queens,,
J12,121 St,JZ,Queens,,
J12N,121 St,JZ,Queens,,
J12S,121 St,JZ,Queens,,
J13,111 St,J,Queens,,
J13N,111 St,J,Queens,,
J13S,111 St,J,Queens,,
J14,104 St,JZ,Queens,,
J14N,104 St,JZ,Queens,,
J14S,104 St,JZ,Queens,,
J15,Woodhaven Blvd,JZ,Queens,,
J15N,Woodhaven Blvd,JZ,Queens,,
J15S,Woodhaven Blvd,JZ,Queens,,
J16,85 St-Forest Pkwy,J,Queens,,
J16N,85 St-Forest Pkwy,J,Queens,,
J16S,85 St-Forest Pkwy,J,Queens,,
J17,75 St-Elderts Ln,JZ,Queens,,
J17N,75 St-Elderts Ln,JZ,Queens,,
J17S,75 St-Elderts Ln,JZ,Queens,,
J19,Cypress Hills,J,Brooklyn,,
J19N,Cypress Hills,J,Brooklyn,,
J19S,Cypress Hills,J,Brooklyn,,
J20,Crescent St,JZ,Brooklyn,,
J20N,Crescent St,JZ,Brooklyn,,
J20S,Crescent St,JZ,Brooklyn,,
J21,Norwood Av,JZ,Brooklyn,,
J21N,Norwood Av,JZ,Brooklyn,,
J21S,Norwood Av,JZ,Brooklyn,,
J22,Cleveland St,J,Brooklyn,,
J22N,Cleveland St,J,Brooklyn,,
J22S,Cleveland St,J,Brooklyn,,
J23,Van Siclen Av,JZ,Brooklyn,,
J23N,Van Siclen Av,JZ,Brooklyn,,
J23S,Van Siclen Av,JZ,Brooklyn,,
J24,Alabama Av,JZ,Brooklyn,,
J24N,Alabama Av,JZ,Brooklyn,,
J24S,Alabama Av,JZ,Brooklyn,,
J27,Broadway Junction,JZ,Brooklyn,,
J27N,Broadway Junction,JZ,Brooklyn,,
J27S,Broadway Junction,JZ,Brooklyn,,
J28,Chauncey St,JZ,Brooklyn,,
J28N,Chauncey St,JZ,Brooklyn,,
J28S,Chauncey St,JZ,Brooklyn,,
J29,Halsey St,J,Brooklyn,,
J29N,Halsey St,J,Brooklyn,,
J29S,Halsey St,J,Brooklyn,,
J30,Gates Av,JZ,Brooklyn,,
J30N,Gates Av,JZ,Brooklyn,,
J30S,Gates Av,JZ,Brooklyn,,
J31,Kosciuszko St,J,Brooklyn,,
J31N,Kosciuszko St,J,Brooklyn,,
J31S,Kosciuszko St,J,Brooklyn,,
L01,8 Av,L,Manhattan,,
L01N,8 Av,L,Manhattan,,
L01S,8 Av,L,Manhattan,,
L02,6 Av,L,Manhattan,,
L02N,6 Av,L,Manhattan,,
L02S,6 Av,L,Manhattan,,
L03,14 St-Union Sq,L,Manhattan,,
L03N,14 St-Union Sq,L,Manhattan,,
L03S,14 St-Union Sq,L,Manhattan,,
L05,3 Av,L,Manhattan,,
L05N,3 Av,L,Manhattan,,
L05S,3 Av,L,Manhattan,,
L06,1 Av,L,Manhattan,,
L06N,1 Av,L,Manhattan,,
L06S,1 Av,L,Manhattan,,
L08,Bedford Av,L,Brooklyn,,
L08N,Bedford Av,L,Brooklyn,,
L08S,Bedford Av,L,Brooklyn,,
L10,Lorimer St,L,Brooklyn,,
L10N,Lorimer St,L,Brooklyn,,
L10S,Lorimer St,L,Brooklyn,,
L11,Graham Av,L,Brooklyn,,
L11N,Graham Av,L,Brooklyn,,
L11S,Graham Av,L,Brooklyn,,
L12,Grand St,L,Brooklyn,,
L12N,Grand St,L,Brooklyn,,
L12S,Grand St,L,Brooklyn,,
L13,Montrose Av,L,Brooklyn,,
L13N,Montrose Av,L,Brooklyn,,
L13S,Montrose Av,L,Brooklyn,,
L14,Morgan Av,L,Brooklyn,,
L14N,Morgan Av,L,Brooklyn,,
L14S,Morgan Av,L,Brooklyn,,
L15,Jefferson St,L,Brooklyn,,
L15N,Jefferson St,L,Brooklyn,,
L15S,Jefferson St,L,Brooklyn,,
L16,DeKalb Av,L,Brooklyn,,
L16N,DeKalb Av,L,Brooklyn,,
L16S,DeKalb Av,L,Brooklyn,,
L17,Myrtle-Wyckoff Avs,L,Brooklyn,,
L17N,Myrtle-Wyckoff Avs,L,Brooklyn,,
L17S,Myrtle-Wyckoff Avs,L,Brooklyn,,
L19,Halsey St,L,Brooklyn,,
L19N,Halsey St,L,Brooklyn,,
L19S,Halsey St,L,Brooklyn,,
L20,Wilson Av,L,Brooklyn,,
L20N,Wilson Av,L,Brooklyn,,
L20S,Wilson Av,L,Brooklyn,,
L21,Bushwick Av-Aberdeen St,L,Brooklyn,,
L21N,Bushwick Av-Aberdeen St,L,Brooklyn,,
L21S,Bushwick Av-Aberdeen St,L,Brooklyn,,
L22,Broadway Junction,L,Brooklyn,,
L22N,Broadway Junction,L,Brooklyn,,
L22S,Broadway Junction,L,Brooklyn,,
L24,Atlantic Av,L,Brooklyn,,
L24N,Atlantic Av,L,Brooklyn,,
L24S,Atlantic Av,L,Brooklyn,,
L25,Sutter Av,L,Brooklyn,,
L25N,Sutter Av,L,Brooklyn,,
L25S,Sutter Av,L,Brooklyn,,
L26,Livonia Av,L,Brooklyn,,
L26N,Livonia Av,L,Brooklyn,,
L26S,Livonia Av,L,Brooklyn,,
L27,New Lots Av,L,Brooklyn,,
L27N,New Lots Av,L,Brooklyn,,
L27S,New Lots Av,L,Brooklyn,,
L28,East 105 St,L,Brooklyn,,
L28N,East 105 St,L,Brooklyn,,
L28S,East 105 St,L,Brooklyn,,
L29,Canarsie-Rockaway Pkwy,L,Brooklyn,,
L29N,Canarsie-Rockaway Pkwy,L,Brooklyn,,
L29S,Canarsie-Rockaway Pkwy,L,Brooklyn,,
M01,Middle Village-Metropolitan Av,M,Brooklyn,,
M01N,Middle Village-Metropolitan Av,M,Brooklyn,,
M01S,Middle Village-Metropolitan Av,M,Brooklyn,,
M04,Fresh Pond Rd,M,Brooklyn,,
M04N,Fresh Pond Rd,M,Brooklyn,,
M04S,Fresh Pond Rd,M,Brooklyn,,
M05,Forest Av,M,Brooklyn,,
M05N,Forest Av,M,Brooklyn,,
M05S,Forest Av,M,Brooklyn,,
M06,Seneca Av,M,Brooklyn,,
M06N,Seneca Av,M,Brooklyn,,
M06S,Seneca Av,M,Brooklyn,,
M08,Myrtle-Wyckoff Avs,M,Brooklyn,,
M08N,Myrtle-Wyckoff Avs,M,Brooklyn,,
M08S,Myrtle-Wyckoff Avs,M,Brooklyn,,
M09,Knickerbocker Av,M,Brooklyn,,
M09N,Knickerbocker Av,M,Brooklyn,,
M09S,Knickerbocker Av,M,Brooklyn,,
M10,Central Av,M,Brooklyn,,
M10N,Central Av,M,Brooklyn,,
M10S,Central Av,M,Brooklyn,,
M11,Myrtle Av,JMZ,Brooklyn,,
M11N,Myrtle Av,JMZ,Brooklyn,,
M11S,Myrtle Av,JMZ,Brooklyn,,
M12,Flushing Av,JM,Brooklyn,,
M12N,Flushing Av,JM,Brooklyn,,
M12S,Flushing Av,JM,Brooklyn,,
M13,Lorimer St,JM,Brooklyn,,
M13N,Lorimer St,JM,Brooklyn,,
M13S,Lorimer St,JM,Brooklyn,,
M14,Hewes St,JM,Brooklyn,,
M14N,Hewes St,JM,Brooklyn,,
M14S,Hewes St,JM,Brooklyn,,
M16,Marcy Av,JMZ,Brooklyn,,
M16N,Marcy Av,JMZ,Brooklyn,,
M16S,Marcy Av,JMZ,Brooklyn,,
M18,Delancey St-Essex St,JMZ,Manhattan,,
M18N,Delancey St-Essex St,JMZ,Manhattan,,
M18S,Delancey St-Essex St,JMZ,Manhattan,,
M19,Bowery,JZ,Manhattan,,
M19N,Bowery,JZ,Manhattan,,
M19S,Bowery,JZ,Manhattan,,
M20,Canal St,JZ,Manhattan,,
M20N,Canal St,JZ,Manhattan,,
M20S,Canal St,JZ,Manhattan,,
M21,Chambers St,JZ,Manhattan,,
M21N,Chambers St,JZ,Manhattan,,
M21S,Chambers St,JZ,Manhattan,,
M22,Fulton St,JZ,Manhattan,,
M22N,Fulton St,JZ,Manhattan,,
M22S,Fulton St,JZ,Manhattan,,
M23,Broad St,JZ,Manhattan,,
M23N,Broad St,JZ,Manhattan,,
M23S,Broad St,JZ,Manhattan,,
N02,8 Av,NQW,Brooklyn,,
N02N,8 Av,NQW,Brooklyn,,
N02S,8 Av,NQW,Brooklyn,,
N03,Fort Hamilton Pkwy,NQW,Brooklyn,,
N03N,Fort Hamilton Pkwy,NQW,Brooklyn,,
N03S,Fort Hamilton Pkwy,NQW,Brooklyn,,
N04,New Utrecht Av,NQW,Brooklyn,,
N04N,New Utrecht Av,NQW,Brooklyn,,
N04S,New Utrecht Av,NQW,Brooklyn,,
N05,18 Av,NQW,Brooklyn,,
N05N,18 Av,NQW,Brooklyn,,
N05S,18 Av,NQW,Brooklyn,,
N06,20 Av,NQW,Brooklyn,,
N06N,20 Av,NQW,Brooklyn,,
N06S,20 Av,NQW,Brooklyn,,
N07,Bay Pkwy,NQW,Brooklyn,,
N07N,Bay Pkwy,NQW,Brooklyn,,
N07S,Bay Pkwy,NQW,Brooklyn,,
N08,Kings Hwy,NQW,Brooklyn,,
N08N,Kings Hwy,NQW,Brooklyn,,
N08S,Kings Hwy,NQW,Brooklyn,,
N09,Avenue U,NQW,Brooklyn,,
N09N,Avenue U,NQW,Brooklyn,,
N09S,Avenue U,NQW,Brooklyn,,
N10,86 St,NQW,Brooklyn,,
N10N,86 St,NQW,Brooklyn,,
N10S,86 St,NQW,Brooklyn,,
N12,S.B. Coney Island,NQ,Brooklyn,,
N12N,S.B. Coney Island,NQ,Brooklyn,,
N12S,S.B. Coney Island,NQ,Brooklyn,,
Q01,Canal St,Q,Manhattan,,
Q01N,Canal St,Q,Manhattan,,
Q01S,Canal St,Q,Manhattan,,
Q03,72 St,NQR,Manhattan,,
Q03N,72 St,NQR,Manhattan,,
Q03S,72 St,NQR,Manhattan,,
Q04,86 St,NQR,Manhattan,,
Q04N,86 St,NQR,Manhattan,,
Q04S,86 St,NQR,Manhattan,,
Q05,96 St,NQR,Manhattan,,
Q05N,96 St,NQR,Manhattan,,
Q05S,96 St,NQR,Manhattan,,
R01,Astoria-Ditmars Blvd,NW,Queens,,
R01N,Astoria-Ditmars Blvd,NW,Queens,,
R01S,Astoria-Ditmars Blvd,NW,Queens,,
R03,Astoria Blvd,NW,Queens,,
R03N,Astoria Blvd,NW,Queens,,
R03S,Astoria Blvd,NW,Queens,,
R04,30 Av,NW,Queens,,
R04N,30 Av,NW,Queens,,
R04S,30 Av,NW,Queens,,
R05,Broadway,NW,Queens,,
R05N,Broadway,NW,Queens,,
R05S,Broadway,NW,Queens,,
R06,36 Av,NW,Queens,,
R06N,36 Av,NW,Queens,,
R06S,36 Av,NW,Queens,,
R08,39 Av-Dutch Kills,NW,Queens,,
R08N,39 Av-Dutch Kills,NW,Queens,,
R08S,39 Av-Dutch Kills,NW,Queens,,
R09,Queensboro Plaza,NW,Queens,,
R09N,Queensboro Plaza,NW,Queens,,
R09S,Queensboro Plaza,NW,Queens,,
R11,Lexington Av/59 St,NRW,Manhattan,,
R11N,Lexington Av/59 St,NRW,Manhattan,,
R11S,Lexington Av/59 St,NRW,Manhattan,,
R13,5 Av/59 St,NRW,Manhattan,,
R13N,5 Av/59 St,NRW,Manhattan,,
R13S,5 Av/59 St,NRW,Manhattan,,
R14,57 St-7 Av,NQRW,Manhattan,,
R14N,57 St-7 Av,NQRW,Manhattan,,
R14S,57 St-7 Av,NQRW,Manhattan,,
R15,49 St,NQRW,Manhattan,,
R15N,49 St,NQRW,Manhattan,,
R15S,49 St,NQRW,Manhattan,,
R16,Times Sq-42 St,NQRW,Manhattan,,
R16N,Times Sq-42 St,NQRW,Manhattan,,
R16S,Times Sq-42 St,NQRW,Manhattan,,
R17,34 St-Herald Sq,NQRW,Manhattan,,
R17N,34 St-Herald Sq,NQRW,Manhattan,,
R17S,34 St-Herald Sq,NQRW,Manhattan,,
R18,28 St,NQRW,Manhattan,,
R18N,28 St,NQRW,Manhattan,,
R18S,28 St,NQRW,Manhattan,,
R19,23 St,NQRW,Manhattan,,
R19N,23 St,NQRW,Manhattan,,
R19S,23 St,NQRW,Manhattan,,
R20,14 St-Union Sq,NQRW,Manhattan,,
R20N,14 St-Union Sq,NQRW,Manhattan,,
R20S,14 St-Union Sq,NQRW,Manhattan,,
R21,8 St-NYU,NQRW,Manhattan,,
R21N,8 St-NYU,NQRW,Manhattan,,
R21S,8 St-NYU,NQRW,Manhattan,,
R22,Prince St,NQRW,Manhattan,,
R22N,Prince St,NQRW,Manhattan,,
R22S,Prince St,NQRW,Manhattan,,
R23,Canal St,NRW,Manhattan,,
R23N,Canal St,NRW,Manhattan,,
R23S,Canal St,NRW,Manhattan,,
R24,City Hall,NRW,Manhattan,,
R24N,City Hall,NRW,Manhattan,,
R24S,City Hall,NRW,Manhattan,,
R25,Cortlandt St,NRW,Manhattan,,
R25N,Cortlandt St,NRW,Manhattan,,
R25S,Cortlandt St,NRW,Manhattan,,
R26,Rector St,NRW,Manhattan,,
R26N,Rector St,NRW,Manhattan,,
R26S,Rector St,NRW,Manhattan,,
R27,Whitehall St-South Ferry,NRW,Manhattan,,
R27N,Whitehall St-South Ferry,NRW,Manhattan,,
R27S,Whitehall St-South Ferry,NRW,Manhattan,,
R28,Court St,NRW,Brooklyn,,
R28N,Court St,NRW,Brooklyn,,
R28S,Court St,NRW,Brooklyn,,
R29,Jay St-MetroTech,NRW,Brooklyn,,
R29N,Jay St-MetroTech,NRW,Brooklyn,,
R29S,Jay St-MetroTech,NRW,Brooklyn,,
R30,DeKalb Av,BDNQRW,Brooklyn,,
R30N,DeKalb Av,BDNQRW,Brooklyn,,
R30S,DeKalb Av,BDNQRW,Brooklyn,,
R31,Atlantic Av-Barclays Ctr,DNRW,Brooklyn,,
R31N,Atlantic Av-Barclays Ctr,DNRW,Brooklyn,,
R31S,Atlantic Av-Barclays Ctr,DNRW,Brooklyn,,
R32,Union St,DNRW,Brooklyn,,
R32N,Union St,DNRW,Brooklyn,,
R32S,Union St,DNRW,Brooklyn,,
R33,4 Av-9 St,DNRW,Brooklyn,,
R33N,4 Av-9 St,DNRW,Brooklyn,,
R33S,4 Av-9 St,DNRW,Brooklyn,,
R34,Prospect Av,DNRW,Brooklyn,,
R34N,Prospect Av,DNRW,Brooklyn,,
R34S,Prospect Av,DNRW,Brooklyn,,
R35,25 St,DNRW,Brooklyn,,
R35N,25 St,DNRW,Brooklyn,,
R35S,25 St,DNRW,Brooklyn,,
R36,36 St,DNQRW,Brooklyn,,
R36N,36 St,DNQRW,Brooklyn,,
R36S,36 St,DNQRW,Brooklyn,,
R39,45 St,NRW,Brooklyn,,
R39N,45 St,NRW,Brooklyn,,
R39S,45 St,NRW,Brooklyn,,
R40,53 St,NRW,Brooklyn,,
R40N,53 St,NRW,Brooklyn,,
R40S,53 St,NRW,Brooklyn,,
R41,59 St,NQRW,Brooklyn,,
R41N,59 St,NQRW,Brooklyn,,
R41S,59 St,NQRW,Brooklyn,,
R42,Bay Ridge Av,R,Brooklyn,,
R42N,Bay Ridge Av,R,Brooklyn,,
R42S,Bay Ridge Av,R,Brooklyn,,
R43,77 St,R,Brooklyn,,
R43N,77 St,R,Brooklyn,,
R43S,77 St,R,Brooklyn,,
R44,86 St,R,Brooklyn,,
R44N,86 St,R,Brooklyn,,
R44S,86 St,R,Brooklyn,,
R45,Bay Ridge-95 St,R,Brooklyn,,
R45N,Bay Ridge-95 St,R,Brooklyn,,
R45S,Bay Ridge-95 St,R,Brooklyn,,
S01,Franklin Av,S,Brooklyn,,
S01N,Franklin Av,S,Brooklyn,,
S01S,Franklin Av,S,Brooklyn,,
S03,Park Pl,S,Brooklyn,,
S03N,Park Pl,S,Brooklyn,,
S03S,Park Pl,S,Brooklyn,,
S04,Botanic Garden,S,Brooklyn,,
S04N,Botanic Garden,S,Brooklyn,,
S04S,Botanic Garden,S,Brooklyn,,
S09,Tottenville,I,Staten Island,,
S09N,Tottenville,I,Staten Island,,
S09S,Tottenville,I,Staten Island,,
S11,Arthur Kill,I,Staten Island,,
S11N,Arthur Kill,I,Staten Island,,
S11S,Arthur Kill,I,Staten Island,,
S13,Richmond Valley,I,Staten Island,,
S13N,Richmond Valley,I,Staten Island,,
S13S,Richmond Valley,I,Staten Island,,
S14,Pleasant Plains,I,Staten Island,,
S14N,Pleasant Plains,I,Staten Island,,
S14S,Pleasant Plains,I,Staten Island,,
S15,Prince's Bay,I,Staten Island,,
S15N,Prince's Bay,I,Staten Island,,
S15S,Prince's Bay,I,Staten Island,,
S16,Huguenot,I,Staten Island,,
S16N,Huguenot,I,Staten Island,,
S16S,Huguenot,I,Staten Island,,
S17,Annadale,I,Staten Island,,
S17N,Annadale,I,Staten Island,,
S17S,Annadale,I,Staten Island,,
S18,Eltingville,I,Staten Island,,
S18N,Eltingville,I,Staten Island,,
S18S,Eltingville,I,Staten Island,,
S19,Great Kills,I,Staten Island,,
S19N,Great Kills,I,Staten Island,,
S19S,Great Kills,I,Staten Island,,
S20,Bay Terrace,I,Staten Island,,
S20N,Bay Terrace,I,Staten Island,,
S20S,Bay Terrace,I,Staten Island,,
S21,Oakwood Heights,I,Staten Island,,
S21N,Oakwood Heights,I,Staten Island,,
S21S,Oakwood Heights,I,Staten Island,,
S22,New Dorp,I,Staten Island,,
S22N,New Dorp,I,Staten Island,,
S22S,New Dorp,I,Staten Island,,
S23,Grant City,I,Staten Island,,
S23N,Grant City,I,Staten Island,,
S23S,Grant City,I,Staten Island,,
S24,Jefferson Av,I,Staten Island,,
S24N,Jefferson Av,I,Staten Island,,
S24S,Jefferson Av,I,Staten Island,,
S25,Dongan Hills,I,Staten Island,,
S25N,Dongan Hills,I,Staten Island,,
S25S,Dongan Hills,I,Staten Island,,
S26,Old Town,I,Staten Island,,
S26N,Old Town,I,Staten Island,,
S26S,Old Town,I,Staten Island,,
S27,Grasmere,I,Staten Island,,
S27N,Grasmere,I,Staten Island,,
S27S,Grasmere,I,Staten Island,,
S28,Clifton,I,Staten Island,,
S28N,Clifton,I,Staten Island,,
S28S,Clifton,I,Staten Island,,
S29,Stapleton,I,Staten Island,,
S29N,Stapleton,I,Staten Island,,
S29S,Stapleton,I,Staten Island,,
S30,Tompkinsville,I,Staten Island,,
S30N,Tompkinsville,I,Staten Island,,
S30S,Tompkinsville,I,Staten Island,,
S31,St George,I,Staten Island,,
S31N,St George,I,Staten Island,,
S31S,St George,I,Staten Island,,